Մարզ,Բնակավայր,Նախկին,Ընտրատարածք,Ընտրատեղամաս,Հասցե
Երևան,Ավան,,1,1/1,"Թիվ 51 մ/մանկապարտեզ, Ավան 6 փ. 52/1 շենք"
Երևան,Ավան,,1,1/2,"Թիվ 51 մ/մանկապարտեզ, Ավան 6 փ. 52/1 շենք"
Երևան,Ավան,,1,1/3,"Թիվ 87 դպրոց, Խուդյակով 44"
Երևան,Ավան,,1,1/4,"Թիվ 87 դպրոց, Խուդյակով 44"
Երևան,Ավան,,1,1/5,"Թիվ 104 դպրոց, Աճառյան 5"
Երևան,Ավան,,1,1/6,"Օհանյանի անվան հիմնական դպրոց, Աճառյան 15"
Երևան,Ավան,,1,1/7,"Թիվ 56 մ/մանկապարտեզ, Ավան Առինջ թաղ. 1մ/շ, 1/14"
Երևան,Ավան,,1,1/8,"Թիվ 56 մ/մանկապարտեզ, Ավան Առինջ թաղ. 1մ/շ, 1/14"
Երևան,Ավան,,1,1/9,"Թիվ 180 դպրոց, Ավան Առինջ թաղ. 2մ/շ"
Երևան,Ավան,,1,1/10,"Թիվ 55 մ/մանկապարտեզ, Ավան Առինջ թաղ. 2մ/շ, 1/6"
Երևան,Ավան,,1,1/11,"Նախկին հ․7մ/մանկապարտեզ, Ավան Առինջ թաղ. 1մ/շ "
Երևան,Ավան,,1,1/12,"Ավանի շախմատի մանկա­պա­տանեկան մարզադպրոց, Նարեկացի թաղամաս 38"
Երևան,Ավան,,1,1/13,"Ավանի մշակույթի տուն, Բաբաջանյան 18/13"
Երևան,Ավան,,1,1/14,"Գ.Բուդաղյանի անվան դպրոց, Թումանյան թաղամաս 3"
Երևան,Ավան,,1,1/15,"Թիվ 170 դպրոց, Թումանյան թաղամաս 3"
Երևան,Ավան,,1,1/16,"Թիվ 52 մ/մանկապարտեզ, Իսահակյան թաղամաս 2/4"
Երևան,Ավան,,1,1/17,"Թիվ 171 դպրոց, Իսահակյան թաղամաս"
Երևան,Ավան,,1,1/18,"Ավանի մանկապատանեկան համալիր մարզադպրոց, Խուդյակով 214"
Երևան,Ավան,,1,1/19,"Գ.Ստարովոյտովայի անվան թիվ 177 դպրոց, Դուրյան թաղամաս 24"
Երևան,Ավան,,1,1/20,"ԵՊՀ մասնաճյուղ, Ծարավ Աղբյուր 55"
Երևան,Ավան,,1,1/21,"Թիվ 54 մ/մանկապարտեզ, Դուրյան թաղամաս 35/1"
Երևան,Ավան,,1,1/22,"Թիվ 57 մ/մանկապարտեզ, Դուրյան թաղամաս 52"
Երևան,Ավան,,1,1/23,"Թիվ 54 մ/մանկապարտեզ, Դուրյան թաղ. 35/1 "
Երևան,Նոր Նորք,,2,2/1,"«Երևանի Ռուդոլֆ Կարապետյանի անվան մանկապատանեկան համալիր մարզադպրոց» ՀՈԱԿ, Նոր Նորքի 3-րդ զանգված, Բաղյան փող., 5/3 շենք"
Երևան,Նոր Նորք,,2,2/2,"Հ.143 հիմնական դպրոց, Բաղյան 5"
Երևան,Նոր Նորք,,2,2/3,"Հ.143 հիմնական դպրոց, Բաղյան 5"
Երևան,Նոր Նորք,,2,2/4,"Ասլամազյանի անվան երաժշտական դպրոց, Գյուլիքեխվյան 6"
Երևան,Նոր Նորք,,2,2/5,"Հ. 107 մանկապարտեզ, Բակունցի 4"
Երևան,Նոր Նորք,,2,2/6,"Հ.150 հիմնական դպրոց, Բակունցի 6"
Երևան,Նոր Նորք,,2,2/7,"Հ. 109 մսուր-մանկապարտեզ, Բակունցի 2-րդ նրբ. 25/4"
Երևան,Նոր Նորք,,2,2/8,"Հ.108 մսուր-մանկապարտեզ, Բակունցի 1-ին նրբ. 7/2"
Երևան,Նոր Նորք,,2,2/9,"Հ.141 հիմնական դպրոց, Գյուլիքեխվյան 27"
Երևան,Նոր Նորք,,2,2/10,"Հ. 110 մսուր-մանկապարտեզ, Ջրվեժ, Մայակ թաղ. 6"
Երևան,Նոր Նորք,,2,2/11,"Հ. 187 միջնակարգ դպրոց, Ջրվեժ Մայակ 30/1"
Երևան,Նոր Նորք,,2,2/12,"Հ. 187 միջնակարգ դպրոց, Ջրվեժ Մայակ 30/1"
Երևան,Նոր Նորք,,2,2/13,"Հ. 111 մսուր-մանկապարտեզ, Մառի 1/2"
Երևան,Նոր Նորք,,2,2/14,"Հ.166 հիմնական դպրոց, Մառի 8 "
Երևան,Նոր Նորք,,2,2/15,"Հ. 112 մսուր-մանկապարտեզ, Մառի 38/3"
Երևան,Նոր Նորք,,2,2/16,"Ճարտարապետության եվ շինարարության պետական քոլեջ, Մառի 17/1"
Երևան,Նոր Նորք,,2,2/17,"Հ. 113 մսուր-մանկապարտեզ, Գալշոյան փ․ 62"
Երևան,Նոր Նորք,,2,2/18,"Ա. Շիրակացու անվան ճեմարան, Մուշեղ Գալշոյան 15"
Երևան,Նոր Նորք,,2,2/19,"հ.159 ավագ դպրոց, Գալշոյան փ. "
Երևան,Նոր Նորք,,2,2/20,"Հ. 114 մսուր-մանկապարտեզ, Շոպրոնի 6"
Երևան,Նոր Նորք,,2,2/21,"Հ. 163 հիմնական դպրոց, Գյուրջյան 13"
Երևան,Նոր Նորք,,2,2/22,"Հ. 163 հիմնական դպրոց, Գյուրջյան 13"
Երևան,Նոր Նորք,,2,2/23,"Մշակույթի կենտրոն, Լյուքսեմբուրգի 2-րդ նրբ."
Երևան,Նոր Նորք,,2,2/24,"Հ. 88 դպրոց, Կարախանյան 11"
Երևան,Նոր Նորք,,2,2/25,"Հ. 88 դպրոց, Կարախանյան 11"
Երևան,Նոր Նորք,,2,2/26,"Նախկին հ. 22 մանկապարտեզ, Հ. Ավետիսյան 5/1"
Երևան,Նոր Նորք,,2,2/27,"Հ.117 մսուր-մանկապարտեզ, Կարախանյան 21"
Երևան,Նոր Նորք,,2,2/28,"Հ.118 մսուր-մանկապարտեզ, Վիլնյուսի 121"
Երևան,Նոր Նորք,,2,2/29,"Հ. 186 հիմնական դպրոց, Մինսկի 95"
Երևան,Նոր Նորք,,2,2/30,"Հ. 186 հիմնական դպրոց, Մինսկի 95"
Երևան,Նոր Նորք,,2,2/31,"Հ. 118 մսուր-մանկապարտեզ, Նոր Նորքի 8-րդ զանգված, Վիլնյուսի փող., 121 շենք"
Երևան,Նոր Նորք,,2,2/32,"Հ. 119 մսուր-մանկապարտեզ, Վիլնյուսի 43/2"
Երևան,Նոր Նորք,,2,2/33,"Հ. 120 մանկապարտեզ, Վիլնյուսի 27/1"
Երևան,Նոր Նորք,,2,2/34,"Հ. 197 հիմնական դպրոց, Վիլնյուսի 59/5"
Երևան,Նոր Նորք,,2,2/35,"Հ. 197 հիմնական դպրոց, Վիլնյուսի 59/5"
Երևան,Նոր Նորք,,2,2/36,"հ.198 ավագ դպրոց, Վիլնյուսի 13/1"
Երևան,Նոր Նորք,,2,2/37,"հ.198 ավագ դպրոց, Վիլնյուսի 13/1"
Երևան,Նոր Նորք,,2,2/38,"Հրանտ Մաթևոսյանի անվան հ.96 դպրոց, Նոր Նորքի 2-րդ զանգված, Դավիթ Մալյան փող․, 24 շենք"
Երևան,Նոր Նորք,,2,2/39,"Հ.164 հիմնական դպրոց, Թոթովենցի 7"
Երևան,Նոր Նորք,,2,2/40,"Հ.103 մ/մանկապարտեզ, Թոթովենցի 3"
Երևան,Նոր Նորք,,2,2/41,"Հ. 104 մ/մանկապարտեզ, Գայի պող.5/1"
Երևան,Նոր Նորք,,2,2/42,"Հ. 164 դպրոց, Թոթովենցի 7"
Երևան,Նոր Նորք,,2,2/43,"Գագիկ Ստեփանյանի անվան 135 հիմնական դպրոց  դպրոց,  Նոր Նորքի 2-րդ զ․ Ն․ Ստեփանյան 5շ․"
Երևան,Նոր Նորք,,2,2/44,"Գագիկ Ստեփանյանի անվան 135 հիմնական դպրոց  դպրոց,  Նոր Նորքի 2-րդ զ․ Ն․ Ստեփանյան 5շ․"
Երևան,Նոր Նորք,,2,2/45,"Հ. 101 մսուր-մանկապարտեզ, Թոթովենցի 3/5"
Երևան,Նոր Նորք,,2,2/46,"Հ. 139 ավագ դպրոց, Ն.Ստեփանյան 3"
Երևան,Նոր Նորք,,2,2/47,"Հ. 139 ավագ դպրոց, Ն.Ստեփանյան 3"
Երևան,Նոր Նորք,,2,2/48,"Հ. 133 հիմնական դպրոց, Մոլդովական 35"
Երևան,Նոր Նորք,,2,2/49,"Տարածաշրջանային N2 պետ.քոլեջ, Մոլդովական 37Ա"
Երևան,Նոր Նորք,,2,2/50,"Տարածաշրջանային N2 պետ.քոլեջ, Մոլդովական 37Ա"
Երևան,Նոր Նորք,,2,2/51,"Հ. 134 հիմնական դպրոց, Նանսենի 14"
Երևան,Նոր Նորք,,2,2/52,"Հ. 100 մսուր-մանկապարտեզ, Նանսենի 22"
Երևան,Նոր Նորք,,2,2/53,"հ.98 մանկապարտեզ, Սաֆարյան 8"
Երևան,Նոր Նորք,,2,2/54,"Հ. 106 դպրոց, Նանսենի 11"
Երևան,Նոր Նորք,,2,2/55,"Հ. 106 դպրոց, Նանսենի 11"
Երևան,Նոր Նորք,,2,2/56,"Հ. 62 ավագ դպրոց, Նանսենի 6"
Երևան,Նոր Նորք,,2,2/57,"Հ. 62 ավագ դպրոց, Նանսենի 6"
Երևան,Քանաքեռ-Զեյթուն,,3,3/1,"Թիվ 157 մանկապարտեզ, Զ.Քանաքեռցու 14/3"
Երևան,Քանաքեռ-Զեյթուն,,3,3/2,"Խ.Աբովյանի անվան թիվ 84 դպրոց, Քանաքեռ 14փ. 1"
Երևան,Քանաքեռ-Զեյթուն,,3,3/3,"Խ.Աբովյանի անվան թիվ 84 դպրոց, Քանաքեռ 14փ. 1"
Երևան,Քանաքեռ-Զեյթուն,,3,3/4,"Թիվ 157 մանկապարտեզ, Զ.Քանաքեռցու 14/3"
Երևան,Քանաքեռ-Զեյթուն,,3,3/5,"Թիվ 85 դպրոցի 2-րդ մասնաշենք, Ծ.Աղբյուրի 21ա"
Երևան,Քանաքեռ-Զեյթուն,,3,3/6,"Հ. 3 տարածքային մանկավարժահոգեբանական աջակցման կենտրոն, Ծ.Աղբյուրի 14"
Երևան,Քանաքեռ-Զեյթուն,,3,3/7,"Ա.Տեր-Ղևոնդյանի անվան թիվ 1 դպրոց, 1-ին հարկ, Զ.Քանաքեռցու 48"
Երևան,Քանաքեռ-Զեյթուն,,3,3/8,"Թիվ 159 մանկապարտեզ, Զ.Քանաքեռցու 32"
Երևան,Քանաքեռ-Զեյթուն,,3,3/9,"Թիվ 160 մանկապարտեզ, Հասրաթյան 1"
Երևան,Քանաքեռ-Զեյթուն,,3,3/10,"Լ.Արիսյանի անվան թիվ 127 դպրոց, Պ.Սևակի 11"
Երևան,Քանաքեռ-Զեյթուն,,3,3/11,"Թիվ 156 մանկապարտեզ, Մ.Ավետիսյան 2-րդ փ."
Երևան,Քանաքեռ-Զեյթուն,,3,3/12,"Թիվ 149 մանկապարտեզ, Դրոյի 19"
Երևան,Քանաքեռ-Զեյթուն,,3,3/13,"Թիվ 44 դպրոց, Մ.Ավետիսյան 89"
Երևան,Քանաքեռ-Զեյթուն,,3,3/14,"Թիվ 136 դպրոց, Յ.Լեփսիուսի 6"
Երևան,Քանաքեռ-Զեյթուն,,3,3/15,"Թիվ 153 մանկապարտեզ, Յ.Լեփսիուսի 6 "
Երևան,Քանաքեռ-Զեյթուն,,3,3/16,"Թիվ 162 մանկապարտեզ, Մ.Ավետիսյան 4 փ. 20"
Երևան,Քանաքեռ-Զեյթուն,,3,3/17,"Թիվ 158 մանկապարտեզ, Դրոյի 16"
Երևան,Քանաքեռ-Զեյթուն,,3,3/18,"Թիվ 125 դպրոց, Պ.Սևակի 89"
Երևան,Քանաքեռ-Զեյթուն,,3,3/19,"Թիվ 125 դպրոց, Պ.Սևակի 89"
Երևան,Քանաքեռ-Զեյթուն,,3,3/20,"Թիվ 151 մանկապարտեզ, Նորաշխարհյան 9"
Երևան,Քանաքեռ-Զեյթուն,,3,3/21,"Ղ.Սարյանի անվան թիվ 1 արվեստի դպրոց, Դրոյի 4 ա"
Երևան,Քանաքեռ-Զեյթուն,,3,3/22,"Մ.Մանուշյանի անվան թիվ 48 դպրոց, Դրոյի 11"
Երևան,Քանաքեռ-Զեյթուն,,3,3/23,"Թիվ 147 դպրոց, Կ.Ուլնեցու 1"
Երևան,Քանաքեռ-Զեյթուն,,3,3/24,"Երևանի Զարդարվեստի պետական արհեստագործական ուսումնարան ՊՈԱԿ, Հր.Ներսիսյան 3"
Երևան,Քանաքեռ-Զեյթուն,,3,3/25,"Թիվ 155 մանկապարտեզ, Վ.Վահյան 1"
Երևան,Քանաքեռ-Զեյթուն,,3,3/26,"Հ.Պարոնյանի անվան թիվ 59 դպրոց, Վարշավյան 45"
Երևան,Քանաքեռ-Զեյթուն,,3,3/27,"Հումանիտար տեխնիկական քոլեջ, Ա.Տիգրանյան 21"
Երևան,Քանաքեռ-Զեյթուն,,3,3/28,"Թիվ 152 մանկապարտեզ, Ազատության 4 ա"
Երևան,Քանաքեռ-Զեյթուն,,3,3/29,"ՀՊՏՀ Զեյթունի մասնաճյուղ Տնտեսական ինֆորմ. և տեղեկատվական համակարգերի ամբիոն, Պ.Սևակի 77"
Երևան,Քանաքեռ-Զեյթուն,,3,3/30,"Կ.Զարյանի անվան թիվ 117 հիմնական դպրոց, Ֆանարջյան 15"
Երևան,Քանաքեռ-Զեյթուն,,3,3/31,"Կ.Զարյանի անվան թիվ 117 հիմնական դպրոց, Ֆանարջյան 15"
Երևան,Քանաքեռ-Զեյթուն,,3,3/32,"Կենտրոնացված գրադարանային համալիր, Դրոյի 16 Ա "
Երևան,Արաբկիր,,4,4/1,Թիվ 37 դպրոց Քանաքեռ ՀԷԿ Բանավան 14
Երևան,Արաբկիր,,4,4/2,Թիվ 24 մանկապարտեզ Քանաքեռ ՀԷԿ Ղափանցյան 12/3
Երևան,Արաբկիր,,4,4/3,Ռ. Միրզոյան անվան թիվ 77 դպրոց Ադոնցի 11
Երևան,Արաբկիր,,4,4/4,Թիվ 6 գրադարան Քանաքեռ ՀԷԿ 4/1
Երևան,Արաբկիր,,4,4/5,Արաբկիրի մշակույթի տուն Ազատության 19
Երևան,Արաբկիր,,4,4/6,Սարաջյանի անվան երաժշտական դպրոց Մամիկոնյանց 34Բ
Երևան,Արաբկիր,,4,4/7,Մ. Քաջունու անվան թիվ 54 դպրոց Ն. Տիգրանյան 12
Երևան,Արաբկիր,,4,4/8,Երևանի պետական հումանիտար քոլեջ Արղության 1
Երևան,Արաբկիր,,4,4/9,Հ. Պողոսյանի անվան թիվ 82 դպրոց Մամիկոնյանց 33
Երևան,Արաբկիր,,4,4/10,Կույրերի մշակույթի տուն Ն. Տիգրանյան 15
Երևան,Արաբկիր,,4,4/11,Վ. Պետրոսյանի անվան թիվ 51 դպրոց Ն. Զարյան 23
Երևան,Արաբկիր,,4,4/12,Լև Տոլստոյի անվան թիվ 128 դպրոց Ազատության 5
Երևան,Արաբկիր,,4,4/13,Լև Տոլստոյի անվան թիվ 128 դպրոց Ազատության 5
Երևան,Արաբկիր,,4,4/14,Ռ. Սևակի անվան թիվ 151 դպրոց Բաբայան 40
Երևան,Արաբկիր,,4,4/15,Ռ. Սևակի անվան թիվ 151 դպրոց Բաբայան 40
Երևան,Արաբկիր,,4,4/16,Երնորոգնախագիծ ինստիտուտ Ն. Զարյան 22
Երևան,Արաբկիր,,4,4/17,Վ. Պետրոսյանի անվան թիվ 51 դպրոց Ն. Զարյան 23
Երևան,Արաբկիր,,4,4/18,Երևան մանկապատանեկան համալիր մարզադպրոց Կոմիտաս 37
Երևան,Արաբկիր,,4,4/19,Րաֆֆու անվան թիվ 36 դպրոց Կոմիտաս 37
Երևան,Արաբկիր,,4,4/20,Իսակովի անվան թիվ 132 դպրոց Ա. Խաչատրյան 28
Երևան,Արաբկիր,,4,4/21,Թիվ 33 մանկապարտեզ Ա. Խաչատրյան 28/1
Երևան,Արաբկիր,,4,4/22,«Հայերկրաբան» Ա/Մ կենտրոն լաբարատորիա Կոմիտաս 29
Երևան,Արաբկիր,,4,4/23,Թիվ 29 մանկապարտեզ Կոմիտաս 30
Երևան,Արաբկիր,,4,4/24,Գայի անվան թիվ 129 դպրոց Հր. Քոչարի 29
Երևան,Արաբկիր,,4,4/25,Գայի անվան թիվ 129 դպրոց Հր. Քոչարի 29
Երևան,Արաբկիր,,4,4/26,Թիվ 26 մանկապարտեզ Փափազյան 8
Երևան,Արաբկիր,,4,4/27,Թիվ 26 մանկապարտեզ Փափազյան 8 
Երևան,Արաբկիր,,4,4/28,Մ. Գալշոյանի անվան թիվ 148 դպրոց Սունդուկյան 78
Երևան,Արաբկիր,,4,4/29,Մ. Գալշոյանի անվան թիվ 148 դպրոց Սունդուկյան 78
Երևան,Արաբկիր,,4,4/30,«Հայջրնախագիծ» ինստիտուտ Վ. Վաղարշյան 12
Երևան,Արաբկիր,,4,4/31,Մ. Գալշոյանի անվան թիվ 148 դպրոց Սունդուկյան 78
Երևան,Արաբկիր,,4,4/32,Թիվ 76 դպրոց Բաղրամյան 52
Երևան,Արաբկիր,,4,4/33,Հ. Օշականի անվան թիվ 172 դպրոց Բաղրամյան 59Ա
Երևան,Արաբկիր,,4,4/34,Թիվ 76 դպրոց Բաղրամյան 52
Երևան,Արաբկիր,,4,4/35,Հ. Հայրապետյանի անվան թիվ 78 դպրոց Բաղրամյան 59
Երևան,Արաբկիր,,4,4/36,Բրյուսովի անվան ՊԼՀ հենակետային վարժարան էմինի 123
Երևան,Արաբկիր,,4,4/37,Հասարակական տարածք Խաչատրյան 20
Երևան,Արաբկիր,,4,4/38,Հեքիմյանի անվան թիվ 13 երաժշտ. դպրոց Վ.Վաղարշյան 24/17
Երևան,Արաբկիր,,4,4/39,Հեքիմյանի անվան թիվ 13 երաժշտ. դպրոց Վ.Վաղարշյան 24/17
Երևան,Արաբկիր,,4,4/40,Ալ. Շիրվանզադեի անվան թիվ 21 դպրոց Վ. Վաղարշյան 24
Երևան,Արաբկիր,,4,4/41,Ալ. Շիրվանզադեի անվան թիվ 21 դպրոց Վ. Վաղարշյան 24
Երևան,Արաբկիր,,4,4/42,Թիվ 31 մանկապարտեզ Գ. Արծրունու 52
Երևան,Արաբկիր,,4,4/43,Ս. Զորյանի անվան թիվ 56 դպրոց Հր. Քոչարի 13
Երևան,Արաբկիր,,4,4/44,Երևանի «Կարեն Դեմիրճյանի անվան մետրոպոլիտեն» ՓԲԸ Բաղրամյան 78
Երևան,Արաբկիր,,4,4/45,Թիվ 32 մանկապարտեզ Գ. Արծրունու 25
Երևան,Արաբկիր,,4,4/46,"Ն. Զարյանի անվան թիվ 130 դպրոց, Հակոբ Հակոբյան փողոց նրբ․ 3"
Երևան,Արաբկիր,,4,4/47,"Ն. Զարյանի անվան թիվ 130 դպրոց, Հակոբ Հակոբյան փողոց նրբ․ 3"
Երևան,Արաբկիր,,4,4/48,Ս. Կապուտիկյանի անվան թիվ 145 դպրոց Հ. Էմինի 8
Երևան,Արաբկիր,,4,4/49,Ս. Կապուտիկյանի անվան թիվ 145 դպրոց Հ. Էմինի 8
Երևան,Արաբկիր,,4,4/50,Թիվ 27 մանկապարտեզ Կիևյան 7
Երևան,Արաբկիր,,4,4/51,Ղ. Աղայանի անվան թիվ 63 դպրոց Կիևյան 9
Երևան,Արաբկիր,,4,4/52,Հ. Գալստյանի անվան թիվ 83 դպրոց Օրբելի 63
Երևան,Արաբկիր,,4,4/53,«Հայգյուղշիննախագիծ» ինստիտուտ Կիևյան 16
Երևան,Արաբկիր,,4,4/54,"Հ.Հայրապետյանի անվան թիվ 78 դպրոց, Բաղրամյան 59 "
Երևան,Դավթաշեն,,5,5/1,"«Երևանի Աշոտ Մանուկյանի անվան հ.93 միջնակարգ դպրոց» ՊՈԱԿ, սեփ. սեկտոր Դավթաշեն 5-րդ փողոց "
Երևան,Դավթաշեն,,5,5/2,"«Երևանի Աշոտ Մանուկյանի անվան հ.93 միջնակարգ դպրոց» ՊՈԱԿ, սեփ. սեկտոր Դավթաշեն 5-րդ փողոց"
Երևան,Դավթաշեն,,5,5/3,"«Երևանի Աշոտ Մանուկյանի անվան հ.93 միջնակարգ դպրոց» ՊՈԱԿ, սեփ. սեկտոր Դավթաշեն 5-րդ փողոց"
Երևան,Դավթաշեն,,5,5/4,"«Երևանի հ.200 դպրոց» ՊՈԱԿ, Դավթաշեն 1-ին թաղամաս"
Երևան,Դավթաշեն,,5,5/5,"«Երևանի հ. 58 մանկապարտեզ» ՀՈԱԿ, Դավթաշեն 1-ին թաղամաս, 27/2"
Երևան,Դավթաշեն,,5,5/6,"«Երևանի հ.200 դպրոց» ՊՈԱԿ, Դավթաշեն 1-ին թաղամաս"
Երևան,Դավթաշեն,,5,5/7,"«Երևանի Ս. Գևորգյանի անվան հ.189 ավագ դպրոց» ՊՈԱԿ, Դավթաշեն 1-ին թաղամաս"
Երևան,Դավթաշեն,,5,5/8,"«Երևանի հ. 60 մանկապարտեզ» ՀՈԱԿ, Դավթաշեն 3-րդ թաղամաս, 9/1"
Երևան,Դավթաշեն,,5,5/9,"«Երևանի հ. 60 մանկապարտեզ» ՀՈԱԿ, Դավթաշեն 3-րդ թաղամաս, 9/1"
Երևան,Դավթաշեն,,5,5/10,"«Երևանի հ. 60 մանկապարտեզ» ՀՈԱԿ, Դավթաշեն 3-րդ թաղամաս, 9/1"
Երևան,Դավթաշեն,,5,5/11,"«Երևանի Գևորգ Վարդանյանի անվան հ. 192 հիմնական դպրոց» ՊՈԱԿ, Դավթաշեն 2-րդ թաղամաս"
Երևան,Դավթաշեն,,5,5/12,"«Երևանի Գևորգ Վարդանյանի անվան հ. 192 հիմնական դպրոց» ՊՈԱԿ, Դավթաշեն 2-րդ թաղամաս"
Երևան,Դավթաշեն,,5,5/13,"«Երևանի հ. 59 մանկապարտեզ» ՀՈԱԿ, Դավթաշեն 2-րդ թաղամաս,7/1"
Երևան,Դավթաշեն,,5,5/14,"«Երևանի հ. 59 մանկապարտեզ» ՀՈԱԿ, Դավթաշեն 2-րդ թաղամաս,7/1"
Երևան,Դավթաշեն,,5,5/15,"«Երևանի Հենրիկ Խաչատրյանի անվան հ.199 հիմնական դպրոց» ՊՈԱԿ, Դավթաշեն 4-րդ թաղամաս"
Երևան,Դավթաշեն,,5,5/16,"«Երևանի Հենրիկ Խաչատրյանի անվան հ.199 հիմնական դպրոց» ՊՈԱԿ, Դավթաշեն 4-րդ թաղամաս"
Երևան,Դավթաշեն,,5,5/17,"«Երևանի Ավետ Տերտերյանի անվան արվեստի դպրոց» ՀՈԱԿ, Դավթաշեն 4-րդ թաղամաս 50/8"
Երևան,Դավթաշեն,,5,5/18,"«Երևանի Աշոտ Նավասարդյանի անվան հ.196 հիմնական դպրոց» ՊՈԱԿ, Դավթաշեն 4-րդ թաղամաս"
Երևան,Դավթաշեն,,5,5/19,"«Երևանի Աշոտ Նավասարդյանի անվան հ.196 հիմնական դպրոց» ՊՈԱԿ, Դավթաշեն 4-րդ թաղամաս"
Երևան,Աջափնյակ,,6,6/1,"«Երևանի Պեյո Յավորովի անվան հ.131 հիմնական դպրոց» ՊՈԱԿ, Արզումանյան 22"
Երևան,Աջափնյակ,,6,6/2,"«Երևանի Պեյո Յավորովի անվան հ.131 հիմնական դպրոց» ՊՈԱԿ, Արզումանյան 22"
Երևան,Աջափնյակ,,6,6/3,"Թիվ 40 մսուր-մանկապարտեզ, Հալաբյան 33/1"
Երևան,Աջափնյակ,,6,6/4,"«Երևանի Հ.Մորգենթաուի անվան հ.126 հիմնական դպրոց» ՊՈԱԿ, Էստոնական 8Ա"
Երևան,Աջափնյակ,,6,6/5,"«Երևանի Հ.Մորգենթաուի անվան հ.126 հիմնական դպրոց» ՊՈԱԿ, Էստոնական 8Ա"
Երևան,Աջափնյակ,,6,6/6,"«Երևանի Գուրգեն Մարգարյանի անվան հ.94 դպրոց» ՊՈԱԿ, Բաշինջաղյան 100"
Երևան,Աջափնյակ,,6,6/7,"«Երևանի Գուրգեն Մարգարյանի անվան հ.94 դպրոց» ՊՈԱԿ, Բաշինջաղյան 100"
Երևան,Աջափնյակ,,6,6/8,"«Երևանի Ռաֆայել Իշխանյանի անվան հ.153 հիմնական դպրոց» ՊՈԱԿ, Առաքելյան 47"
Երևան,Աջափնյակ,,6,6/9,"«Երևանի Ռաֆայել Իշխանյանի անվան հ.153 հիմնական դպրոց» ՊՈԱԿ, Առաքելյան 47"
Երևան,Աջափնյակ,,6,6/10,"«Երևանի Ռաֆայել Իշխանյանի անվան հ.153 հիմնական դպրոց» ՊՈԱԿ, Առաքելյան 47"
Երևան,Աջափնյակ,,6,6/11,"«Երևանի հ.102 հիմնական դպրոց» ՊՈԱԿ, Ֆուչիկի 2 նրբ. 11"
Երևան,Աջափնյակ,,6,6/12,"«Երևանի հ.102 հիմնական դպրոց» ՊՈԱԿ, Ֆուչիկի 2 նրբ. 11"
Երևան,Աջափնյակ,,6,6/13,"«Երևանի հ.43 մսուր-մանկապարտեզ» ՀՈԱԿ, Ֆուչիկի 2 նրբ. 9"
Երևան,Աջափնյակ,,6,6/14,"«Երևանի Դավիթ Սարապյանի անվան հ, 100 հիմնական դպրոց» ՊՈԱԿ, Մարգարյան 9"
Երևան,Աջափնյակ,,6,6/15,"«Երևանի Դավիթ Սարապյանի անվան հ, 100 հիմնական դպրոց» ՊՈԱԿ, Մարգարյան 9"
Երևան,Աջափնյակ,,6,6/16,"«Երևանի հ.156 հիմնական դպրոց» ՊՈԱԿ, Շիրազի 11 "
Երևան,Աջափնյակ,,6,6/17,"«Երևանի հ.156 հիմնական դպրոց» ՊՈԱԿ, Շիրազի 11 "
Երևան,Աջափնյակ,,6,6/18,"Երևանի Լևոն Միրիջանյանի անվան հ.155 դպրոց, Բաշինջաղյան 2 նրբ. 3"
Երևան,Աջափնյակ,,6,6/19,"Երևանի Լևոն Միրիջանյանի անվան հ.155 դպրոց, Բաշինջաղյան 2 նրբ. 3"
Երևան,Աջափնյակ,,6,6/20,«Երևանի հ.47 մսուր-մանկապարտեզ» ՀՈԱԿ Բաշինջաղյան 2 նրբ. 4
Երևան,Աջափնյակ,,6,6/21,"«Մանկապատանեկան տեխնիկական ստեղծագործական կենտրոն» ՀՈԱԿ, Բաշինջաղյան 2 նրբ. 3"
Երևան,Աջափնյակ,,6,6/22,"«Երևանի Ամենայն Հայոց կաթողիկոս Վազգեն Առաջինի անվան հ.168 հիմնական դպրոց» ՊՈԱԿ, Բաշինջաղյան 1 նրբ. "
Երևան,Աջափնյակ,,6,6/23,"«Երևանի Ամենայն Հայոց կաթողիկոս Վազգեն Առաջինի անվան հ.168 հիմնական դպրոց» ՊՈԱԿ, Բաշինջաղյան 1 նրբ."
Երևան,Աջափնյակ,,6,6/24,"«Երևանի հ.35 մսուր-մանկապարտեզ» ՀՈԱԿ, Բաշինջաղյան 184/5"
Երևան,Աջափնյակ,,6,6/25,"«Երևանի հ.109 ավագ դպրոց» ՊՈԱԿ, Մարգարյան 2 նրբ. 14"
Երևան,Աջափնյակ,,6,6/26,"«Երևանի Վիլյամ Սարոյանի անվան հ.138 հիմնական դպրոց» ՊՈԱԿ, Մարգարյան փ. 30Ա"
Երևան,Աջափնյակ,,6,6/27,"«Երևանի Վիլյամ Սարոյանի անվան հ.138 հիմնական դպրոց» ՊՈԱԿ, Մարգարյան փ. 30Ա"
Երևան,Աջափնյակ,,6,6/28,"«Երևանի հ.185 հիմնական դպրոց» ՊՈԱԿ, Հ.Բեկնազարյան 5/1"
Երևան,Աջափնյակ,,6,6/29,"«Երևանի հ.185 հիմնական դպրոց» ՊՈԱԿ, Հ.Բեկնազարյան 5/1"
Երևան,Աջափնյակ,,6,6/30,"«Երևանի Գևորգ Չաուշի անվան հ.188 հիմնական դպրոց» ՊՈԱԿ, Նորաշեն 49"
Երևան,Աջափնյակ,,6,6/31,"«Երևանի Գևորգ Չաուշի անվան հ.188 հիմնական դպրոց» ՊՈԱԿ, Նորաշեն 49"
Երևան,Աջափնյակ,,6,6/32,"«Երևանի հ.195 ավագ դպրոց» ՊՈԱԿ, Մազմանյան 5Ա"
Երևան,Աջափնյակ,,6,6/33,"«Աջափնյակ» գեղագիտական կենտրոն ՀՈԱԿ, Նորաշեն /16/ թղմ. 2, 23/13"
Երևան,Աջափնյակ,,6,6/34,"«Աջափնյակ» գեղագիտական կենտրոն ՀՈԱԿ, Նորաշեն /16/ թղմ. 2, 23/13"
Երևան,Աջափնյակ,,6,6/35,«Երևանի Գևորգ Արշակյանի անվան հ.22 հիմնական դպրոց» ՊՈԱԿ Նազարբեկյան թղմ.
Երևան,Աջափնյակ,,6,6/36,«Երևանի Գևորգ Արշակյանի անվան հ.22 հիմնական դպրոց» ՊՈԱԿ Նազարբեկյան թղմ.
Երևան,Աջափնյակ,,6,6/37,«Երևանի Գևորգ Արշակյանի անվան հ.22 հիմնական դպրոց» ՊՈԱԿ Նազարբեկյան թղմ.
Երևան,Աջափնյակ,,6,6/38,"«Երևանի հ.45 մսուր-մանկապարտեզ» ՀՈԱԿ, Լուկաշինի 65"
Երևան,Աջափնյակ,,6,6/39,"«Երևանի հ.45 մսուր-մանկապարտեզ» ՀՈԱԿ, Լուկաշինի 65"
Երևան,Աջափնյակ,,6,6/40,"«Երևանի Միսաք Մեծարենցի անվան հ.146 հիմնական դպրոց» ՊՈԱԿ, Լուկաշինի 6"
Երևան,Աջափնյակ,,6,6/41,"«Երևանի Միսաք Մեծարենցի անվան հ.146 հիմնական դպրոց» ՊՈԱԿ, Լուկաշինի 6"
Երևան,Աջափնյակ,,6,6/42,"«Երևանի Միսաք Մեծարենցի անվան հ.146 հիմնական դպրոց» ՊՈԱԿ, Լուկաշինի 6"
Երևան,Աջափնյակ,,6,6/43,"«Երևանի հ.108 միջնակարգ դպրոց» ՊՈԱԿ, Սիլիկյան 10"
Երևան,Աջափնյակ,,6,6/44,"«Երևանի հ.108 միջնակարգ դպրոց» ՊՈԱԿ, Սիլիկյան 10"
Երևան,Աջափնյակ,,6,6/45,"«Երևանի հ.37 մսուր-մանկապարտեզ» ՀՈԱԿ, Սիլիկյան 10 փ. 39"
Երևան,Աջափնյակ,,6,6/46,"«Երևանի Պեյո Յավորովի անվան հ.131 հիմնական դպրոց» ՊՈԱԿ, Արզումանյան փող. 22"
Երևան,Աջափնյակ,,6,6/47,"«Երևանի Պեյո Յավորովի անվան հ.131 հիմնական դպրոց» ՊՈԱԿ, Արզումանյան փող. 22"
Երևան,Աջափնյակ,,6,6/48,"Բարձրագույն կրթ. դաշնային պետական բյուջետային ուսումնական հաստ. «Գ.Վ.Պլեխանովի անվան Ռուսաստանի տնտ. համալսարան» Երևանի մասնաճյուղ ԱՍ, Արզումյանյան փող. 5/2"
Երևան,Աջափնյակ,,6,6/49,"«Երևանի հ.38 մսուր-մանկապարտեզ» ՀՈԱԿ, Լենինգրադյան 4Ա"
Երևան,Աջափնյակ,,6,6/50,"«Երևանի Ա. Գաբրիելյանի անվան արվեստի դպրոց» ՀՈԱԿ, Արզումանյան 8ա "
Երևան,Աջափնյակ,,6,6/51,"«Ա.Երզնկյանի անվան հ. 118 ավագ դպրոց» ՊՈԱԿ, Արզումանյան 8"
Երևան,Աջափնյակ,,6,6/52,"«Ա.Երզնկյանի անվան հ. 118 ավագ դպրոց» ՊՈԱԿ, Արզումանյան 8"
Երևան,Մալաթիա-Սեբաստիա,,7,7/1,"Թիվ 85 մանկապարտեզ, Իսակով 50/6"
Երևան,Մալաթիա-Սեբաստիա,,7,7/2,"Թիվ 78 մանկապարտեզ, Բաբաջանյան 139"
Երևան,Մալաթիա-Սեբաստիա,,7,7/3,"Թիվ 78 մանկապարտեզ, Բաբաջանյան 139"
Երևան,Մալաթիա-Սեբաստիա,,7,7/4,"Թիվ 77 մանկապարտեզ, Բաբաջանյան 145/5"
Երևան,Մալաթիա-Սեբաստիա,,7,7/5,"Թիվ 11 դպրոց, Բ-2 թաղ. Անդրանիկի փ."
Երևան,Մալաթիա-Սեբաստիա,,7,7/6,"Թիվ 11 դպրոց, Բ-2 թաղ. Անդրանիկի փ."
Երևան,Մալաթիա-Սեբաստիա,,7,7/7,"Թիվ 190 դպրոց, Բ-2 թաղ. Բաբաջանյան 133/3"
Երևան,Մալաթիա-Սեբաստիա,,7,7/8,"Թիվ 190 դպրոց, Բ-2 թաղ. Բաբաջանյան 133/3"
Երևան,Մալաթիա-Սեբաստիա,,7,7/9,"Թիվ 79 մանկապարտեզ, Շերամ 65/2"
Երևան,Մալաթիա-Սեբաստիա,,7,7/10,"Թիվ 84 մանկապարտեզ, Շերամ 15"
Երևան,Մալաթիա-Սեբաստիա,,7,7/11,"Թիվ 84 մանկապարտեզ, Շերամ 15"
Երևան,Մալաթիա-Սեբաստիա,,7,7/12,"Թիվ 184 դպրոց, Շերամի 103/3"
Երևան,Մալաթիա-Սեբաստիա,,7,7/13,"Թիվ 174 դպրոց, Սվաճյան 42"
Երևան,Մալաթիա-Սեբաստիա,,7,7/14,"Թիվ 176 դպրոց, Հովնաթանի 33"
Երևան,Մալաթիա-Սեբաստիա,,7,7/15,"Թիվ 80 մանկապարտեզ, Հաղթանակ 6փ.- 34"
Երևան,Մալաթիա-Սեբաստիա,,7,7/16,"Գյուղխորհուրդ, Հաղթանակ 6փ.- 19"
Երևան,Մալաթիա-Սեբաստիա,,7,7/17,"Թիվ 113 դպրոց, Հաղթանակ 6փ.– 51"
Երևան,Մալաթիա-Սեբաստիա,,7,7/18,"Թիվ 86 մանկապարտեզ, Հաղթանակի 12 փ.– 32"
Երևան,Մալաթիա-Սեբաստիա,,7,7/19,"Թիվ 162 դպրոց, Անդրանիկի 4"
Երևան,Մալաթիա-Սեբաստիա,,7,7/20,"Թիվ 162 դպրոց, Անդրանիկի 4"
Երևան,Մալաթիա-Սեբաստիա,,7,7/21,"Թիվ 89 մանկապարտեզ, Օհանովի 45"
Երևան,Մալաթիա-Սեբաստիա,,7,7/22,"Թիվ 89 մանկապարտեզ, Օհանովի 45"
Երևան,Մալաթիա-Սեբաստիա,,7,7/23,"Թիվ 92 դպրոց, Սեբաստիա 54"
Երևան,Մալաթիա-Սեբաստիա,,7,7/24,"Թիվ 105 դպրոց, Օտյան 45"
Երևան,Մալաթիա-Սեբաստիա,,7,7/25,"Թիվ 105 դպրոց, Օտյան 45"
Երևան,Մալաթիա-Սեբաստիա,,7,7/26,"Թիվ 121 դպրոց, Տիչինա 2-րդ նրբ."
Երևան,Մալաթիա-Սեբաստիա,,7,7/27,"Թիվ 121 դպրոց, Տիչինա 2-րդ նրբ."
Երևան,Մալաթիա-Սեբաստիա,,7,7/28,"Թիվ 89 դպրոց, Սեբաստիա 19"
Երևան,Մալաթիա-Սեբաստիա,,7,7/29,"Թիվ 89 դպրոց, Սեբաստիա 19"
Երևան,Մալաթիա-Սեբաստիա,,7,7/30,"Թիվ 152 դպրոց, Արարատյան 1 զանգվ. Կուրղինյան 9"
Երևան,Մալաթիա-Սեբաստիա,,7,7/31,"Թիվ 152 դպրոց, Արարատյան 1 զանգվ. Կուրղինյան 9"
Երևան,Մալաթիա-Սեբաստիա,,7,7/32,"Թիվ 81 մանկապարտեզ, Կուրղինյան փ. Նրբ. 11/5"
Երևան,Մալաթիա-Սեբաստիա,,7,7/33,"Թիվ 81 մանկապարտեզ, Կուրղինյան փ. Նրբ. 11/5"
Երևան,Մալաթիա-Սեբաստիա,,7,7/34,"Թիվ 90 դպրոց, Վանթյան 43"
Երևան,Մալաթիա-Սեբաստիա,,7,7/35,"Թիվ 90 դպրոց, Վանթյան 43"
Երևան,Մալաթիա-Սեբաստիա,,7,7/36,"Մալաթիա-Սեբաստիա վարչական շրջանի համալիր սոցիալական ծառայությունների տարածքային կենտրոն, Բատիկյան 99"
Երևան,Մալաթիա-Սեբաստիա,,7,7/37,"Թիվ 179 դպրոց, Օհանով 72"
Երևան,Մալաթիա-Սեբաստիա,,7,7/38,"Թիվ 179 դպրոց, Օհանով 72"
Երևան,Մալաթիա-Սեբաստիա,,7,7/39,"Թիվ 97 մանկապարտեզ, Սվաճյան 16"
Երևան,Մալաթիա-Սեբաստիա,,7,7/40,"Թիվ 97 մանկապարտեզ, Սվաճյան 16"
Երևան,Մալաթիա-Սեբաստիա,,7,7/41,"Բ 4 դպրոց – պարտեզ, Բաբաջանյան 38/1"
Երևան,Մալաթիա-Սեբաստիա,,7,7/42,"Բ 4 դպրոց – պարտեզ, Բաբաջանյան 38/1"
Երևան,Մալաթիա-Սեբաստիա,,7,7/43,"Մ.Սեբաստացի կրթահամալիր, Բ-1 թ. Բաբաջանյան 25"
Երևան,Մալաթիա-Սեբաստիա,,7,7/44,"Մ.Սեբաստացի կրթահամալիր, Բ-1 թ. Բաբաջանյան 25"
Երևան,Մալաթիա-Սեբաստիա,,7,7/45,"Թիվ 181 դպրոց, Բաբաջանյան 4"
Երևան,Մալաթիա-Սեբաստիա,,7,7/46,"Թիվ 95 մանկապարտեզ, Անդրանիկի 124"
Երևան,Մալաթիա-Սեբաստիա,,7,7/47,"Մ.Սեբաստացի կրթահամալիր Արհեստագործական դպրոց, Անդրանիկ 91/2"
Երևան,Մալաթիա-Սեբաստիա,,7,7/48,"Թիվ 76 մանկապարտեզ, Րաֆֆու 85/5"
Երևան,Մալաթիա-Սեբաստիա,,7,7/49,"Թիվ 93 մանկապարտեզ, Րաֆֆու 69"
Երևան,Մալաթիա-Սեբաստիա,,7,7/50,"Տարոն գեղագիտական կենտրոն, Անդրանիկի 54"
Երևան,Մալաթիա-Սեբաստիա,,7,7/51,"Թիվ 191 դպրոց, Անդրանիկի 83"
Երևան,Մալաթիա-Սեբաստիա,,7,7/52,"Թիվ 191 դպրոց, Անդրանիկի 83"
Երևան,Մալաթիա-Սեբաստիա,,7,7/53,"Թիվ 96 մանկապարտեզ, Անդրանիկի 91"
Երևան,Մալաթիա-Սեբաստիա,,7,7/54,"Թիվ 83 մանկապարտեզ, Անդրանիկի 97"
Երևան,Մալաթիա-Սեբաստիա,,7,7/55,"Թիվ 112 դպրոց, Սեբաստիա 84 Ա"
Երևան,Մալաթիա-Սեբաստիա,,7,7/56,"Թիվ 112 դպրոց, Սեբաստիա 84 Ա"
Երևան,Մալաթիա-Սեբաստիա,,7,7/57,"Թիվ 91 դպրոց, Ծերենցի 72 Ա"
Երևան,Մալաթիա-Սեբաստիա,,7,7/58,"Թիվ 91 դպրոց, Ծերենցի 72 Ա"
Երևան,Մալաթիա-Սեբաստիա,,7,7/59,"Թիվ 91 դպրոց, Ծերենցի 72 Ա"
Երևան,Մալաթիա-Սեբաստիա,,7,7/60,"Հ.116 դպրոց, Կուրղինյան փ. 1շ."
Երևան,Շենգավիթ,,8,8/1,"Փ.Թերլեմեզյանի անվան գեղարվեստի պետական քոլեջ ՊՈԱԿ, Արշակունյաց 39 "
Երևան,Շենգավիթ,,8,8/2,"Երևանի հ. 32 դպրոց, Սևանի 132 "
Երևան,Շենգավիթ,,8,8/3,"«Փոքրիկ Իշխան» կրթահամալիր, Սևանի 132 "
Երևան,Շենգավիթ,,8,8/4,"Երևանի հ. 38 հիմնական դպրոց, Գ.Նժդեհի 22"
Երևան,Շենգավիթ,,8,8/5,"Երևանի հ. 38 հիմնական դպրոց, Գ.Նժդեհի 22"
Երևան,Շենգավիթ,,8,8/6,"Երևանի հ. 154 հիմնական դպրոց, Ֆրունզե 4"
Երևան,Շենգավիթ,,8,8/7,"Երևանի հ. 154 հիմնական դպրոց, Ֆրունզե 4"
Երևան,Շենգավիթ,,8,8/8,"Երևանի հ. 65 ավագ դպրոց, Ֆրունզե 56"
Երևան,Շենգավիթ,,8,8/9,"Երևանի հ. 65 ավագ դպրոց, Ֆրունզե 56"
Երևան,Շենգավիթ,,8,8/10,"Երևանի հ. 86 հիմնական դպրոց, Բագրատունյաց 45 "
Երևան,Շենգավիթ,,8,8/11,"Երևանի հ. 86 հիմնական դպրոց, Բագրատունյաց 45"
Երևան,Շենգավիթ,,8,8/12,"Երևանի հ. 74 հիմնական դպրոց, Բագրատունյաց 23"
Երևան,Շենգավիթ,,8,8/13,"Երևանի հ.12 հիմնական դպրոց, Գ.Նժդեհ 11"
Երևան,Շենգավիթ,,8,8/14,"Երևանի հ. 12 հիմնական դպրոց, Գ.Նժդեհ 11"
Երևան,Շենգավիթ,,8,8/15,"Երևանի հ. 144 հիմնական դպրոց, Վ.Շենգավիթ 2փ, 9 "
Երևան,Շենգավիթ,,8,8/16,"Երևանի հ. 133 մանկապարտեզ, Մայիսի 9փ. 26 "
Երևան,Շենգավիթ,,8,8/17,"Երևանի հ. 137 մանկապարտեզ, Պատկանյան 20 "
Երևան,Շենգավիթ,,8,8/18,"Երևանի հ. 46 ավագ դպրոց, Մանանդյան 2 "
Երևան,Շենգավիթ,,8,8/19,"Երևանի հ. 46 ավագ դպրոց, Մանանդյան 2 "
Երևան,Շենգավիթ,,8,8/20,"Երևանի հ. 143 մանկապարտեզ, Չեխովի 100 "
Երևան,Շենգավիթ,,8,8/21,"Երևանի հ. 50 հիմնական դպրոց, Շևչենկո 34/1"
Երևան,Շենգավիթ,,8,8/22,"Երևանի հ. 50 հիմնական դպրոց, Շևչենկո 34/1 "
Երևան,Շենգավիթ,,8,8/23,"Երևանի հ. 66 հիմնական դպրոց, Բագրատունյաց 9 "
Երևան,Շենգավիթ,,8,8/24,"Երևանի հ. 27 հիմնական դպրոց, Արտաշիսյան 52"
Երևան,Շենգավիթ,,8,8/25,"Երևանի հ. 31 հիմնական դպրոց, Հ.Հովսեփյան 2"
Երևան,Շենգավիթ,,8,8/26,"Երևանի հ. 173 հիմնական դպրոց, Հ.Հովսեփյան 4"
Երևան,Շենգավիթ,,8,8/27,"Հայաստանի ազգային պոլիտեխնիկական համալսարանի Երևանի քոլեջ, Մանանդյան 36"
Երևան,Շենգավիթ,,8,8/28,"Երևանի հ. 136 մանկապարտեզ, Բագրատունյաց 16 "
Երևան,Շենգավիթ,,8,8/29,"Երևանի հ. 136 մանկապարտեզ, Բագրատունյաց 16"
Երևան,Շենգավիթ,,8,8/30,"Երևանի հ. 69 հիմնական դպրոց, Արարատյան 26"
Երևան,Շենգավիթ,,8,8/31,"Երևանի հ. 161 հիմնական դպրոց, Բագրատունյաց 32/1"
Երևան,Շենգավիթ,,8,8/32,"Երևանի հ. 110 հիմնական դպրոց, Ս.Տարոնցի 11"
Երևան,Շենգավիթ,,8,8/33,"Երևանի հ. 110 հիմնական դպրոց, Ս.Տարոնցի 11"
Երևան,Շենգավիթ,,8,8/34,"Երևանի հ. 139 մանկապարտեզ, Ս.Տարոնցի 28"
Երևան,Շենգավիթ,,8,8/35,"Երևանի հ. 139 մանկապարտեզ, Ս.Տարոնցի 28"
Երևան,Շենգավիթ,,8,8/36,"Երևանի հ. 137 հիմնական դպրոց, Ս.Տարոնցի փ. 17"
Երևան,Շենգավիթ,,8,8/37,"Երևանի հ. 137 հիմնական դպրոց, Ս.Տարոնցի փ. 17"
Երևան,Շենգավիթ,,8,8/38,"Մասնավոր սեփականություն, ոչ բնակելի տարածք, Ն.Շենգավիթ 11փ. 35/2"
Երևան,Շենգավիթ,,8,8/39,"Երևանի հ. 75 հիմնական դպրոց, Ն. Շենգավիթ 12փ 13 "
Երևան,Շենգավիթ,,8,8/40,"Երևանի հ. 75 հիմնական դպրոց, Ն. Շենգավիթ 12փ . 13 "
Երևան,Շենգավիթ,,8,8/41,"Երևանի հ. 97 ավագ դպրոց, Ա.Խոստիկյան փ.1"
Երևան,Շենգավիթ,,8,8/42,"Երևանի հ. 97 ավագ դպրոց, Ա.Խոստիկյան փ.1"
Երևան,Շենգավիթ,,8,8/43,"Երևանի հ. 79 հիմնական դպրոց, Հ.Հովհաննիսյան 30"
Երևան,Շենգավիթ,,8,8/44,"Երևանի հ. 79 հիմնական դպրոց, Հ.Հովհաննիսյան 30"
Երևան,Շենգավիթ,,8,8/45,"Երևանի հ. 169 հիմնական դպրոց, Շիրակի 5 նրբ. 19"
Երևան,Շենգավիթ,,8,8/46,"Երևանի հ. 169 հիմնական դպրոց, Շիրակի 5 նրբ. 19"
Երևան,Շենգավիթ,,8,8/47,"Երևանի հ. 115 ավագ դպրոց, Շիրակի 74"
Երևան,Շենգավիթ,,8,8/48,"Երևանի հ. 142 մանկապարտեզ, Շիրակի 4 նրբ. 5/1"
Երևան,Շենգավիթ,,8,8/49,"Երևանի հ. 158 հիմնական դպրոց, Շիրակի 2 նրբ. 5"
Երևան,Շենգավիթ,,8,8/50,"Երևանի հ. 158 հիմնական դպրոց, Շիրակի 2 նրբ. 5"
Երևան,Շենգավիթ,,8,8/51,"Մասնավոր սեփականություն, ոչ բնակելի տարածք, Շիրակի 10/1"
Երևան,Շենգավիթ,,8,8/52,"Երևանի հ. 52 հիմնական դպրոց, Շիրակի 3"
Երևան,Շենգավիթ,,8,8/53,"Երևանի հ. 52 հիմնական դպրոց, Շիրակի 3"
Երևան,Շենգավիթ,,8,8/54,"Երևանի հ. 52 հիմնական դպրոց, Շիրակի 3"
Երևան,Շենգավիթ,,8,8/55,"Երևանի հ. 130 մանկապարտեզ, Ն.Չարբախ 3փ."
Երևան,Շենգավիթ,,8,8/56,"Երևանի հ. 130 մանկապարտեզ, Ն.Չարբախ 3փ.,"
Երևան,Շենգավիթ,,8,8/57,"Ոչ բնակելի տարածք, մասնավոր սեփականություն Արշակունյաց պ, 135 Ե, "
Երևան,Շենգավիթ,,8,8/58,"Երևանի հ. 98 հիմնական դպրոց, Նորագավիթ 1փ. 97"
Երևան,Շենգավիթ,,8,8/59,"Երևանի հ. 98 հիմնական դպրոց, Նորագավիթ 1փ. 97"
Երևան,Շենգավիթ,,8,8/60,"Երևանի հ. 140 հիմնական դպրոց, Նորագավիթ 1փ. 99 "
Երևան,Շենգավիթ,,8,8/61,"Երևանի հ. 140 հիմնական դպրոց, Նորագավիթ 1փ. 99"
Երևան,Շենգավիթ,,8,8/62,"Ոչ բնակելի շինություն, մասնավոր սեփականություն, Ն.Խարբերդ թաղամաս, 4-րդ փող., հ. 2"
Երևան,Շենգավիթ,,8,8/63,"Ոչ բնակելի շինություն, մասնավոր սեփականություն, Ն.Խարբերդ թաղամաս, 4-րդ փող., հ. 2 "
Երևան,Նորք-Մարաշ,,9,9/1,Ջրային հիմնահարցերի և հիդրոտեխնիկայի ինստիտուտ Ա. Արմենակյան 125
Երևան,Նորք-Մարաշ,,9,9/2,«Օլիմպոս» կրթահամալիր Գ. Հովսեփյան 6
Երևան,Նորք-Մարաշ,,9,9/3,"Ռ. Անդրեասյանի անվան երաժշ. դպրոց, Նորք 5 փողոց 29"
Երևան,Նորք-Մարաշ,,9,9/4,Արմենակյանի անվան թիվ 26 դպրոց Նորք 5 փողոց 51 
Երևան,Նորք-Մարաշ,,9,9/5,"Հ. 61 հիմն. դպրոց, Գ. Հովսեփյան 91"
Երևան,Նորք-Մարաշ,,9,9/6,Թիվ 157 դպրոց Նորքի 11 փողոց 62
Երևան,Կենտրոն,,9,9/7,"Նալբանդյանի անվան թիվ 33 դպրոց, Նար-Դոսի 38"
Երևան,Կենտրոն,,9,9/8,"Նալբանդյանի անվան թիվ 33 դպրոց, Նար-Դոսի 38"
Երևան,Կենտրոն,,9,9/9,"Նալբանդյանի անվան թիվ 33 դպրոց, Նար-Դոսի 38"
Երևան,Կենտրոն,,9,9/10,"Նալբանդյանի անվան թիվ 33 դպրոց, Նար-Դոսի 38"
Երևան,Կենտրոն,,9,9/11,"Թիվ 39 դպրոց, Ծխախոտագործների 1"
Երևան,Կենտրոն,,9,9/12,"Թիվ 39 դպրոց, Ծխախոտագործների 1"
Երևան,Կենտրոն,,9,9/13,"Թիվ 17 ՆՈՒՀ, Տիգրան Մեծի 36 ա"
Երևան,Կենտրոն,,9,9/14,"Խանջյանի անվան թ. 53 դպրոց, Տիգրան Մեծի 26ա"
Երևան,Կենտրոն,,9,9/15,"Թելմանի անվան թիվ 13 դպրոց, Արշակունյաց 20"
Երևան,Կենտրոն,,9,9/16,"Մայակովսկու անվան թիվ 7 դպրոց, Գր. Լուսավորիչ 7"
Երևան,Կենտրոն,,9,9/17,"Թիվ 4 ՆՈՒՀ, Գր. Լուսավորիչ 15/1 "
Երևան,Կենտրոն,,9,9/18,"Սպանդարյանի անվան, թիվ 24 դպրոց, Պարոնյան 3"
Երևան,Կենտրոն,,9,9/19,"Երևանի Տ.Շևչենկոյի անվան թիվ 42 դպրոց, Մաշտոցի 5/2"
Երևան,Կենտրոն,,9,9/20,"Երևանի Տ.Շևչենկոյի անվան թիվ 42 դպրոց, Մաշտոցի 5/2"
Երևան,Կենտրոն,,9,9/21,"Մուշեղ Իշխանի անվան թիվ 5 դպրոց, Բուզանդ 107"
Երևան,Կենտրոն,,9,9/22,"Անդրանիկ Մարգարյանի անվան թիվ 29 դպրոց, Սարյան 23"
Երևան,Կենտրոն,,9,9/23,"Անդրանիկ Մարգարյանի անվան թիվ 29 դպրոց, Սարյան 23"
Երևան,Կենտրոն,,9,9/24,"Շահումյանի անվան թիվ 1 դպրոց, Մաշտոցի 33ա"
Երևան,Կենտրոն,,9,9/25,"Երևանի թատրոնի և կինոյի պետ. ինստիտուտ, Ամիրյան 26"
Երևան,Կենտրոն,,9,9/26,"Չարենցի անվան թիվ 67 դպրոց, Ամիրյան 9"
Երևան,Կենտրոն,,9,9/27,"Թիվ 10 ՆՈՒՀ, Մաշտոցի 20"
Երևան,Կենտրոն,,9,9/28,"Ռուսթավելու անվան թիվ 23 դպրոց, Ռուսթավելու 14"
Երևան,Կենտրոն,,9,9/29,"Ռուսթավելու անվան թիվ 23 դպրոց, Ռուսթավելու 14"
Երևան,Կենտրոն,,9,9/30,"ՀԱԱՀ հիմնադրամ /Ագրարային համալսարան/, Տերյան 74"
Երևան,Կենտրոն,,9,9/31,"Հայաստանի պետական տնտեսագիտական համալսարան, Նալբանդյան 128-130"
Երևան,Կենտրոն,,9,9/32,"Ջ. Կիրակոսյանի անվան թ. 20 դպրոց, Այգեստան 9փ., 4ա"
Երևան,Կենտրոն,,9,9/33,"Խր. Հայրիկի անվան թ. 10 դպրոց, Չարենցի 75"
Երևան,Կենտրոն,,9,9/34,"Շավարշյանի անվան, թ. 40 դպրոց, Վարդանանց 30"
Երևան,Կենտրոն,,9,9/35,"Թիվ 3 ՆՈՒՀ, Վրացյան 80"
Երևան,Կենտրոն,,9,9/36,"Թիվ 3 ՆՈՒՀ, Վրացյան 80"
Երևան,Կենտրոն,,9,9/37,"Նար-Դոսի անվան թ. 14 դպրոց, Եր. Քոչարի 12/1"
Երևան,Կենտրոն,,9,9/38,"Նար-Դոսի անվան թ. 14 դպրոց, Եր. Քոչարի 12/1"
Երևան,Կենտրոն,,9,9/39,"Գ. Էմինի անվան թ. 182 դպրոց, Կորի 55 "
Երևան,Կենտրոն,,9,9/40,"Ն. Ստեփանյանի անվան թ.71 դպրոց, Հանրապետության 72"
Երևան,Կենտրոն,,9,9/41,"Դաշտենցի անվան թ. 114 դպրոց, Հանրապետության 73"
Երևան,Կենտրոն,,9,9/42,"Դաշտենցի անվան թ. 114 դպրոց, Հանրապետության 73"
Երևան,Կենտրոն,,9,9/43,"Լ. Շանթի անվան թ. 4 դպրոց, Ալ. Մանուկյան 3"
Երևան,Կենտրոն,,9,9/44,Խ. Աբովյանի անվան ՀՊՄՀ բանասիր. Ֆակուլտետ Ալ. Մանուկյան 13
Երևան,Կենտրոն,,9,9/45,"Խնկո Ապոր անվան գրադարան, Տերյան 42/1"
Երևան,Կենտրոն,,9,9/46,"Թիվ 5 ՆՈՒՀ, Սխարովի 11"
Երևան,Կենտրոն,,9,9/47,"Չայկովսկու անվան երաժշտական դպրոց, Կողբացի 36"
Երևան,Կենտրոն,,9,9/48,"Պուշկինի անվան թ. 8 դպրոց, Մոսկովյան 17"
Երևան,Կենտրոն,,9,9/49,"Ն. Աղբալյանի անվան թ. 19 դպրոց, Տերյան 54"
Երևան,Կենտրոն,,9,9/50,"Ն. Աղբալյանի անվան թ. 19 դպրոց, Տերյան 54"
Երևան,Կենտրոն,,9,9/51,"Խ. Աբովյանի անվան թ. 2 դպրոց, Իսահակյան 30"
Երևան,Կենտրոն,,9,9/52,"Աբեղյանի անվան թ. 3 դպրոց, Խանջյան 9"
Երևան,Կենտրոն,,9,9/53,"ՀՊՄՀ–ի հենակետային վարժարան, Դեղատան 17"
Երևան,Կենտրոն,,9,9/54,"Երևանի թենիսի և բատմինտոնի մանկապատանեկան մարզադպրոց, Այասու փող. 12"
Երևան,Կենտրոն,,9,9/55,"Վ. Վաղարշյանի անվան թ. 80 դպրոց, Իսակովի 2/1"
Երևան,Կենտրոն,,9,9/56,"Հիդրոպոնիկայի պրոբլ. ինստ., Նորագյուղ 108"
Երևան,Կենտրոն,,9,9/57,"Հիդրոպոնիկայի պրոբլ. ինստ., Նորագյուղ 108"
Երևան,Կենտրոն,,9,9/58,"Գրողների միության վարչություն, Բաղրամյան 3"
Երևան,Կենտրոն,,9,9/59,"Գրողների միության վարչություն, Բաղրամյան 3"
Երևան,Կենտրոն,,9,9/60,"Չեխովի անվան թ. 55 դպրոց, Բաղրամյան 16"
Երևան,Էրեբունի,,10,10/1,Վահան Տերյանի անվան հ. 60 դպրոց Տ. Մեծի պող. N 42
Երևան,Էրեբունի,,10,10/2,"Բենիամին Ժամկոչյանի անվան թիվ 119 դպրոց, Տ. Մեծի պող. N 64 "
Երևան,Էրեբունի,,10,10/3,Խաչատուր Սամուելյանի անվան թիվ 47 միջնակարգ դպրոց Սարի Թաղի 5-րդ փող. N 67
Երևան,Էրեբունի,,10,10/4,Խաչատուր Սամուելյանի անվան թիվ 47 միջնակարգ դպրոց Սարի Թաղի 5-րդ փող. N 67
Երևան,Էրեբունի,,10,10/5,Համո Սահյանի անվան հ.70 հիմնական դպրոց Սարի Թաղի 3-րդ փող. N 44
Երևան,Էրեբունի,,10,10/6,Համո Սահյանի անվան հ.70 հիմնական դպրոց Սարի Թաղի 3-րդ փող. N 44
Երևան,Էրեբունի,,10,10/7,թիվ 66 մանկապարտեզ Սարի Թաղի 7-րդ փող. N 15
Երևան,Էրեբունի,,10,10/8,Հ.167 հիմնական դպրոց Սարի Թաղի 28-րդ փող. N 1
Երևան,Էրեբունի,,10,10/9,Հ. 120 հիմնական դպրոց Մ. Խորենացու փող. N 207
Երևան,Էրեբունի,,10,10/10,Հ. 120 հիմնական դպրոց Մ. Խորենացու փող. N 207
Երևան,Էրեբունի,,10,10/11,"Մասնավոր տարածք, Սասունցի Դավթի փող. 13շ. հ.72"
Երևան,Էրեբունի,,10,10/12,Վրեժ Համբարձումյանի անվան հ.17 հիմնական դպրոց Ս. Դավթի փող. N 78
Երևան,Էրեբունի,,10,10/13,Վրեժ Համբարձումյանի անվան հ.17 հիմնական դպրոց Ս. Դավթի փող. N 78
Երևան,Էրեբունի,,10,10/14,Էրեբունի-Մաքրություն ՍՊԸ Դավիթ Բեկի փող. N 106
Երևան,Էրեբունի,,10,10/15,Արմեն Հովհաննիսյանի անվան հ.194 հիմնական դպրոց Նոր Արեշի 7-րդ փող. N 1
Երևան,Էրեբունի,,10,10/16,Արմեն Հովհաննիսյանի անվան հ.194 հիմնական դպրոց Նոր Արեշի 7-րդ փող. N 1
Երևան,Էրեբունի,,10,10/17,"Ավետիք Իսահակյանի անվան հ.16 ավագ դպրոց, Նոր Արեշի 9-րդ փող. N 54"
Երևան,Էրեբունի,,10,10/18,"թիվ 63 մանկապարտեզ, Արցախի փող. հ.1"
Երևան,Էրեբունի,,10,10/19,"թիվ 63 մանկապարտեզ, Արցախի փող. հ.1"
Երևան,Էրեբունի,,10,10/20,Նախկին թիվ 18 մանկապարտեզ Արցախի պող. N 6/1
Երևան,Էրեբունի,,10,10/21,Գյուղատնտեսական քոլեջ Բուռնազյան փող. N 143
Երևան,Էրեբունի,,10,10/22,թիվ 3 ՄՊՍԿ Էրեբունու փող. N 15
Երևան,Էրեբունի,,10,10/23,թիվ 3 ՄՊՍԿ Էրեբունու փող. N 15
Երևան,Էրեբունի,,10,10/24,Էրեբունու շախմատի դպրոց Նոր Արեշի 5-րդ փող. N 2
Երևան,Էրեբունի,,10,10/25,Արա Հարությունյանի անվան հ.49 հիմնական դպրոց Նոր Արեշի 5-րդ փող. N2
Երևան,Էրեբունի,,10,10/26,Տ.Չուխաջյանի անվան երաժշ. դպրոց Ռոստովյան փող. N 23
Երևան,Էրեբունի,,10,10/27,թիվ 69 մանկապարտեզ Նոր Արեշի 11-րդ փող. N 139
Երևան,Էրեբունի,,10,10/28,Հ.64 հիմնական դպրոց Վարդաշենի 3-րդ փող. N 3
Երևան,Էրեբունի,,10,10/29,Հ.64 հիմնական դպրոց Վարդաշենի 3-րդ փող. N 3
Երևան,Էրեբունի,,10,10/30,թիվ 70 մանկապարտեզ Վարդաշենի 6-րդ փող. N 80
Երևան,Էրեբունի,,10,10/31,թիվ 101 դպրոց Մուշական թաղամաս 6-րդ փողոց 29
Երևան,Էրեբունի,,10,10/32,թիվ 107 դպրոց Ջրաշեն թաղ. 1-ին փող. 41 շենք
Երևան,Էրեբունի,,10,10/33,Թիվ 68 մանկապարտեզ Նոր Արեշի 37փ. N 35
Երևան,Էրեբունի,,10,10/34,Պարույր Սևակի անվան հ.123 հիմնական դպրոց Նոր Արեշի 35-րդ փող. N 2
Երևան,Էրեբունի,,10,10/35,Պարույր Սևակի անվան հ.123 հիմնական դպրոց Նոր Արեշի 35-րդ փող. N 2
Երևան,Էրեբունի,,10,10/36,Հ.45 հիմնական դպրոց Նոր Արեշի 26-րդ փող. N 45
Երևան,Էրեբունի,,10,10/37,Հ.45 հիմնական դպրոց Նոր Արեշի 26-րդ փող. N 45
Երևան,Էրեբունի,,10,10/38,Մուշեղ Մխոյանի անվան հ.68 հիմնական դպրոց Նոր Արեշի 8-րդ փող. N 56
Երևան,Էրեբունի,,10,10/39,Մուշեղ Մխոյանի անվան հ.68 հիմնական դպրոց Նոր Արեշի 8-րդ փող. N 56
Երևան,Էրեբունի,,10,10/40,Նիկոլայ Գոգոլի անվան հ.35 հիմնական դպրոց Էրեբունու փող. N 16
Երևան,Էրեբունի,,10,10/41,Նիկոլայ Գոգոլի անվան հ.35 հիմնական դպրոց Էրեբունու փող. N 16
Երևան,Էրեբունի,,10,10/42,Հասմիկ Հովակիմյան Ա/Ձ տարածք Գարեգին Նժդեհի փող. հ.58
Երևան,Էրեբունի,,10,10/43,«Հայտրանսշին» Արցախի պող. N 30
Երևան,Էրեբունի,,10,10/44,թիվ 64 մանկապարտեզ Ավանեսովի փող. նրբ. N 12
Երևան,Էրեբունի,,10,10/45,թիվ 160 դպրոց Ավանեսովի փող. N 10
Երևան,Էրեբունի,,10,10/46,թիվ 160 դպրոց Ավանեսովի փող. N 10
Երևան,Էրեբունի,,10,10/47,թիվ 72 մանկապարտեզ Խաղաղ Դոնի փող. N 21
Երևան,Էրեբունի,,10,10/48,թիվ 73 մանկապարտեզ Խաղաղ Դոնի փող. N 5
Երևան,Էրեբունի,,10,10/49,Հ.178 հիմնական դպրոց Խաղաղ Դոնի փող. N 25
Երևան,Էրեբունի,,10,10/50,Հ.178 հիմնական դպրոց Խաղաղ Դոնի փող. N 25
Երևան,Նուբարաշեն,,10,10/51,"«Երևանի Նուբարաշեն մարզամշակութային կենտրոն» ՀՈԱԿ, Նուբարաշեն 9 փ., 1/2 շենք"
Երևան,Նուբարաշեն,,10,10/52,«Երեխայի և ընտանիքի աջակցության կենտրոն» ՊՈԱԿ Չնքուշի փողոց 14
Երևան,Նուբարաշեն,,10,10/53,«Երեխայի և ընտանիքի աջակցության կենտրոն» ՊՈԱԿ Չնքուշի փողոց 14
Երևան,Նուբարաշեն,,10,10/54,"«Երևանի թիվ 175 միջնակարգ դպրոց» ՊՈԱԿ, Նուբարաշեն 11 փողոց, 2"
Երևան,Նուբարաշեն,,10,10/55,"«Երևանի թիվ 175 միջնակարգ դպրոց» ՊՈԱԿ, Նուբարաշեն 11 փողոց, 2 "